_key,image_filepath,anomaly_class
0,0.jpg,Cell
1,1.jpg,Cell
2,2.jpg,Cell
3,3.jpg,Cell
4,4.jpg,Cell
5,5.jpg,Cell
6,6.jpg,Cell
7,7.jpg,Cell
8,8.jpg,Cell
9,9.jpg,Cell
10,10.jpg,Cell
11,11.jpg,Cell
12,12.jpg,Cell
13,13.jpg,Cell
14,14.jpg,Cell
15,15.jpg,Cell
16,16.jpg,Cell
17,17.jpg,Cell
18,18.jpg,Cell
19,19.jpg,Cell
20,20.jpg,Cell
21,21.jpg,Cell
22,22.jpg,Cell
23,23.jpg,Cell
24,24.jpg,Cell
25,25.jpg,Cell
26,26.jpg,Cell
27,27.jpg,Cell
28,28.jpg,Cell
29,29.jpg,Cell
30,30.jpg,Cell
31,31.jpg,Cell
32,32.jpg,Cell
33,33.jpg,Cell
34,34.jpg,Cell
35,35.jpg,Cell
36,36.jpg,Cell
37,37.jpg,Cell
38,38.jpg,Cell
39,39.jpg,Cell
40,40.jpg,Cell
41,41.jpg,Cell
42,42.jpg,Cell
43,43.jpg,Cell
44,44.jpg,Cell
45,45.jpg,Cell
46,46.jpg,Cell
47,47.jpg,Cell
48,48.jpg,Cell
49,49.jpg,Cell
50,50.jpg,Cell
51,51.jpg,Cell
52,52.jpg,Cell
53,53.jpg,Cell
54,54.jpg,Cell
55,55.jpg,Cell
56,56.jpg,Cell
57,57.jpg,Cell
58,58.jpg,Cell
59,59.jpg,Cell
60,60.jpg,Cell
61,61.jpg,Cell
62,62.jpg,Cell
63,63.jpg,Cell
64,64.jpg,Cell
65,65.jpg,Cell
66,66.jpg,Cell
67,67.jpg,Cell
68,68.jpg,Cell
69,69.jpg,Cell
70,70.jpg,Cell
71,71.jpg,Cell
72,72.jpg,Cell
73,73.jpg,Cell
74,74.jpg,Cell
75,75.jpg,Cell
76,76.jpg,Cell
77,77.jpg,Cell
78,78.jpg,Cell
79,79.jpg,Cell
80,80.jpg,Cell
81,81.jpg,Cell
82,82.jpg,Cell
83,83.jpg,Cell
84,84.jpg,Cell
85,85.jpg,Cell
86,86.jpg,Cell
87,87.jpg,Cell
88,88.jpg,Cell
89,89.jpg,Cell
90,90.jpg,Cell
91,91.jpg,Cell
92,92.jpg,Cell
93,93.jpg,Cell
94,94.jpg,Cell
95,95.jpg,Cell
96,96.jpg,Cell
97,97.jpg,Cell
98,98.jpg,Cell
99,99.jpg,Cell
100,100.jpg,Cell
101,101.jpg,Cell
102,102.jpg,Cell
103,103.jpg,Cell
104,104.jpg,Cell
105,105.jpg,Cell
106,106.jpg,Cell
107,107.jpg,Cell
108,108.jpg,Cell
109,109.jpg,Cell
110,110.jpg,Cell
111,111.jpg,Cell
112,112.jpg,Cell
113,113.jpg,Cell
114,114.jpg,Cell
115,115.jpg,Cell
116,116.jpg,Cell
117,117.jpg,Cell
118,118.jpg,Cell
119,119.jpg,Cell
120,120.jpg,Cell
121,121.jpg,Cell
122,122.jpg,Cell
123,123.jpg,Cell
124,124.jpg,Cell
125,125.jpg,Cell
126,126.jpg,Cell
127,127.jpg,Cell
128,128.jpg,Cell
129,129.jpg,Cell
130,130.jpg,Cell
131,131.jpg,Cell
132,132.jpg,Cell
133,133.jpg,Cell
134,134.jpg,Cell
135,135.jpg,Cell
136,136.jpg,Cell
137,137.jpg,Cell
138,138.jpg,Cell
139,139.jpg,Cell
140,140.jpg,Cell
141,141.jpg,Cell
142,142.jpg,Cell
143,143.jpg,Cell
144,144.jpg,Cell
145,145.jpg,Cell
146,146.jpg,Cell
147,147.jpg,Cell
148,148.jpg,Cell
149,149.jpg,Cell
150,150.jpg,Cell
151,151.jpg,Cell
152,152.jpg,Cell
153,153.jpg,Cell
154,154.jpg,Cell
155,155.jpg,Cell
156,156.jpg,Cell
157,157.jpg,Cell
158,158.jpg,Cell
159,159.jpg,Cell
160,160.jpg,Cell
161,161.jpg,Cell
162,162.jpg,Cell
163,163.jpg,Cell
164,164.jpg,Cell
165,165.jpg,Cell
166,166.jpg,Cell
167,167.jpg,Cell
168,168.jpg,Cell
169,169.jpg,Cell
170,170.jpg,Cell
171,171.jpg,Cell
172,172.jpg,Cell
173,173.jpg,Cell
174,174.jpg,Cell
175,175.jpg,Cell
176,176.jpg,Cell
177,177.jpg,Cell
178,178.jpg,Cell
179,179.jpg,Cell
180,180.jpg,Cell
181,181.jpg,Cell
182,182.jpg,Cell
183,183.jpg,Cell
184,184.jpg,Cell
185,185.jpg,Cell
186,186.jpg,Cell
187,187.jpg,Cell
188,188.jpg,Cell
189,189.jpg,Cell
190,190.jpg,Cell
191,191.jpg,Cell
192,192.jpg,Cell
193,193.jpg,Cell
194,194.jpg,Cell
195,195.jpg,Cell
196,196.jpg,Cell
197,197.jpg,Cell
198,198.jpg,Cell
199,199.jpg,Cell
200,200.jpg,Cell
201,201.jpg,Cell
202,202.jpg,Cell
203,203.jpg,Cell
204,204.jpg,Cell
205,205.jpg,Cell
206,206.jpg,Cell
207,207.jpg,Cell
208,208.jpg,Cell
209,209.jpg,Cell
210,210.jpg,Cell
211,211.jpg,Cell
212,212.jpg,Cell
213,213.jpg,Cell
214,214.jpg,Cell
215,215.jpg,Cell
216,216.jpg,Cell
217,217.jpg,Cell
218,218.jpg,Cell
219,219.jpg,Cell
220,220.jpg,Cell
221,221.jpg,Cell
222,222.jpg,Cell
223,223.jpg,Cell
224,224.jpg,Cell
225,225.jpg,Cell
226,226.jpg,Cell
227,227.jpg,Cell
228,228.jpg,Cell
229,229.jpg,Cell
230,230.jpg,Cell
231,231.jpg,Cell
232,232.jpg,Cell
233,233.jpg,Cell
234,234.jpg,Cell
235,235.jpg,Cell
236,236.jpg,Cell
237,237.jpg,Cell
238,238.jpg,Cell
239,239.jpg,Cell
240,240.jpg,Cell
241,241.jpg,Cell
242,242.jpg,Cell
243,243.jpg,Cell
244,244.jpg,Cell
245,245.jpg,Cell
246,246.jpg,Cell
247,247.jpg,Cell
248,248.jpg,Cell
249,249.jpg,Cell
250,250.jpg,Cell
251,251.jpg,Cell
252,252.jpg,Cell
253,253.jpg,Cell
254,254.jpg,Cell
255,255.jpg,Cell
256,256.jpg,Cell
257,257.jpg,Cell
258,258.jpg,Cell
259,259.jpg,Cell
260,260.jpg,Cell
261,261.jpg,Cell
262,262.jpg,Cell
263,263.jpg,Cell
264,264.jpg,Cell
265,265.jpg,Cell
266,266.jpg,Cell
267,267.jpg,Cell
268,268.jpg,Cell
269,269.jpg,Cell
270,270.jpg,Cell
271,271.jpg,Cell
272,272.jpg,Cell
273,273.jpg,Cell
274,274.jpg,Cell
275,275.jpg,Cell
276,276.jpg,Cell
277,277.jpg,Cell
278,278.jpg,Cell
279,279.jpg,Cell
280,280.jpg,Cell
281,281.jpg,Cell
282,282.jpg,Cell
283,283.jpg,Cell
284,284.jpg,Cell
285,285.jpg,Cell
286,286.jpg,Cell
287,287.jpg,Cell
288,288.jpg,Cell
289,289.jpg,Cell
290,290.jpg,Cell
291,291.jpg,Cell
292,292.jpg,Cell
293,293.jpg,Cell
294,294.jpg,Cell
295,295.jpg,Cell
296,296.jpg,Cell
297,297.jpg,Cell
298,298.jpg,Cell
299,299.jpg,Cell
300,300.jpg,Cell
301,301.jpg,Cell
302,302.jpg,Cell
303,303.jpg,Cell
304,304.jpg,Cell
305,305.jpg,Cell
306,306.jpg,Cell
307,307.jpg,Cell
308,308.jpg,Cell
309,309.jpg,Cell
310,310.jpg,Cell
311,311.jpg,Cell
312,312.jpg,Cell
313,313.jpg,Cell
314,314.jpg,Cell
315,315.jpg,Cell
316,316.jpg,Cell
317,317.jpg,Cell
318,318.jpg,Cell
319,319.jpg,Cell
320,320.jpg,Cell
321,321.jpg,Cell
322,322.jpg,Cell
323,323.jpg,Cell
324,324.jpg,Cell
325,325.jpg,Cell
326,326.jpg,Cell
327,327.jpg,Cell
328,328.jpg,Cell
329,329.jpg,Cell
330,330.jpg,Cell
331,331.jpg,Cell
332,332.jpg,Cell
333,333.jpg,Cell
334,334.jpg,Cell
335,335.jpg,Cell
336,336.jpg,Cell
337,337.jpg,Cell
338,338.jpg,Cell
339,339.jpg,Cell
340,340.jpg,Cell
341,341.jpg,Cell
342,342.jpg,Cell
343,343.jpg,Cell
344,344.jpg,Cell
345,345.jpg,Cell
346,346.jpg,Cell
347,347.jpg,Cell
348,348.jpg,Cell
349,349.jpg,Cell
350,350.jpg,Cell
351,351.jpg,Cell
352,352.jpg,Cell
353,353.jpg,Cell
354,354.jpg,Cell
355,355.jpg,Cell
356,356.jpg,Cell
357,357.jpg,Cell
358,358.jpg,Cell
359,359.jpg,Cell
360,360.jpg,Cell
361,361.jpg,Cell
362,362.jpg,Cell
363,363.jpg,Cell
364,364.jpg,Cell
365,365.jpg,Cell
366,366.jpg,Cell
367,367.jpg,Cell
368,368.jpg,Cell
369,369.jpg,Cell
370,370.jpg,Cell
371,371.jpg,Cell
372,372.jpg,Cell
373,373.jpg,Cell
374,374.jpg,Cell
375,375.jpg,Cell
376,376.jpg,Cell
377,377.jpg,Cell
378,378.jpg,Cell
379,379.jpg,Cell
380,380.jpg,Cell
381,381.jpg,Cell
382,382.jpg,Cell
383,383.jpg,Cell
384,384.jpg,Cell
385,385.jpg,Cell
386,386.jpg,Cell
387,387.jpg,Cell
388,388.jpg,Cell
389,389.jpg,Cell
390,390.jpg,Cell
391,391.jpg,Cell
392,392.jpg,Cell
393,393.jpg,Cell
394,394.jpg,Cell
395,395.jpg,Cell
396,396.jpg,Cell
397,397.jpg,Cell
398,398.jpg,Cell
399,399.jpg,Cell
400,400.jpg,Cell
401,401.jpg,Cell
402,402.jpg,Cell
403,403.jpg,Cell
404,404.jpg,Cell
405,405.jpg,Cell
406,406.jpg,Cell
407,407.jpg,Cell
408,408.jpg,Cell
409,409.jpg,Cell
410,410.jpg,Cell
411,411.jpg,Cell
412,412.jpg,Cell
413,413.jpg,Cell
414,414.jpg,Cell
415,415.jpg,Cell
416,416.jpg,Cell
417,417.jpg,Cell
418,418.jpg,Cell
419,419.jpg,Cell
420,420.jpg,Cell
421,421.jpg,Cell
422,422.jpg,Cell
423,423.jpg,Cell
424,424.jpg,Cell
425,425.jpg,Cell
426,426.jpg,Cell
427,427.jpg,Cell
428,428.jpg,Cell
429,429.jpg,Cell
430,430.jpg,Cell
431,431.jpg,Cell
432,432.jpg,Cell
433,433.jpg,Cell
434,434.jpg,Cell
435,435.jpg,Cell
436,436.jpg,Cell
437,437.jpg,Cell
438,438.jpg,Cell
439,439.jpg,Cell
440,440.jpg,Cell
441,441.jpg,Cell
442,442.jpg,Cell
443,443.jpg,Cell
444,444.jpg,Cell
445,445.jpg,Cell
446,446.jpg,Cell
447,447.jpg,Cell
448,448.jpg,Cell
449,449.jpg,Cell
450,450.jpg,Cell
451,451.jpg,Cell
452,452.jpg,Cell
453,453.jpg,Cell
454,454.jpg,Cell
455,455.jpg,Cell
456,456.jpg,Cell
457,457.jpg,Cell
458,458.jpg,Cell
459,459.jpg,Cell
460,460.jpg,Cracking
461,461.jpg,Cracking
462,462.jpg,Cracking
463,463.jpg,Cracking
464,464.jpg,Cracking
465,465.jpg,Cracking
466,466.jpg,Cracking
467,467.jpg,Cracking
468,468.jpg,Cracking
469,469.jpg,Cracking
470,470.jpg,Cracking
471,471.jpg,Cracking
472,472.jpg,Cracking
473,473.jpg,Cracking
474,474.jpg,Cracking
475,475.jpg,Cracking
476,476.jpg,Cracking
477,477.jpg,Cracking
478,478.jpg,Cracking
479,479.jpg,Cracking
480,480.jpg,Cracking
481,481.jpg,Cracking
482,482.jpg,Cracking
483,483.jpg,Cracking
484,484.jpg,Cracking
485,485.jpg,Cracking
486,486.jpg,Cracking
487,487.jpg,Cracking
488,488.jpg,Cracking
489,489.jpg,Cracking
490,490.jpg,Cracking
491,491.jpg,Cracking
492,492.jpg,Cracking
493,493.jpg,Cracking
494,494.jpg,Cracking
495,495.jpg,Cracking
496,496.jpg,Cracking
497,497.jpg,Cracking
498,498.jpg,Cracking
499,499.jpg,Cracking
500,500.jpg,Cracking
501,501.jpg,Cracking
502,502.jpg,Cracking
503,503.jpg,Cracking
504,504.jpg,Cracking
505,505.jpg,Cracking
506,506.jpg,Cracking
507,507.jpg,Cracking
508,508.jpg,Cracking
509,509.jpg,Cracking
510,510.jpg,Cracking
511,511.jpg,Cracking
512,512.jpg,Cracking
513,513.jpg,Cracking
514,514.jpg,Cracking
515,515.jpg,Cracking
516,516.jpg,Cracking
517,517.jpg,Cracking
518,518.jpg,Cracking
519,519.jpg,Cracking
520,520.jpg,Cracking
521,521.jpg,Cracking
522,522.jpg,Cracking
523,523.jpg,Cracking
524,524.jpg,Cracking
525,525.jpg,Cracking
526,526.jpg,Cracking
527,527.jpg,Cracking
528,528.jpg,Cracking
529,529.jpg,Cracking
530,530.jpg,Cracking
531,531.jpg,Cracking
532,532.jpg,Cracking
533,533.jpg,Cracking
534,534.jpg,Cracking
535,535.jpg,Cracking
536,536.jpg,Cracking
537,537.jpg,Cracking
538,538.jpg,Cracking
539,539.jpg,Cracking
540,540.jpg,Cracking
541,541.jpg,Cracking
542,542.jpg,Cracking
543,543.jpg,Cracking
544,544.jpg,Cracking
545,545.jpg,Cracking
546,546.jpg,Cracking
547,547.jpg,Cracking
548,548.jpg,Cracking
549,549.jpg,Cracking
550,550.jpg,Cracking
551,551.jpg,Cracking
552,552.jpg,Cracking
553,553.jpg,Cracking
554,554.jpg,Cracking
555,555.jpg,Cracking
556,556.jpg,Cracking
557,557.jpg,Cracking
558,558.jpg,Cracking
559,559.jpg,Cracking
560,560.jpg,Cracking
561,561.jpg,Cracking
562,562.jpg,Cracking
563,563.jpg,Cracking
564,564.jpg,Cracking
565,565.jpg,Cracking
566,566.jpg,Cracking
567,567.jpg,Cracking
568,568.jpg,Cracking
569,569.jpg,Cracking
570,570.jpg,Cracking
571,571.jpg,Cracking
572,572.jpg,Cracking
573,573.jpg,Cracking
574,574.jpg,Cracking
575,575.jpg,Cracking
576,576.jpg,Cracking
577,577.jpg,Cracking
578,578.jpg,Cracking
579,579.jpg,Cracking
580,580.jpg,Cracking
581,581.jpg,Cracking
582,582.jpg,Cracking
583,583.jpg,Cracking
584,584.jpg,Cracking
585,585.jpg,Cracking
586,586.jpg,Cracking
587,587.jpg,Cracking
588,588.jpg,Cracking
589,589.jpg,Cracking
590,590.jpg,Cracking
591,591.jpg,Cracking
592,592.jpg,Cracking
593,593.jpg,Cracking
594,594.jpg,Cracking
595,595.jpg,Cracking
596,596.jpg,Cracking
597,597.jpg,Cracking
598,598.jpg,Cracking
599,599.jpg,Cracking
600,600.jpg,Cracking
601,601.jpg,Cracking
602,602.jpg,Cracking
603,603.jpg,Cracking
604,604.jpg,Cracking
605,605.jpg,Cracking
606,606.jpg,Cracking
607,607.jpg,Cracking
608,608.jpg,Cracking
609,609.jpg,Cracking
610,610.jpg,Cracking
611,611.jpg,Cracking
612,612.jpg,Cracking
613,613.jpg,Cracking
614,614.jpg,Cracking
615,615.jpg,Cracking
616,616.jpg,Cracking
617,617.jpg,Cracking
618,618.jpg,Cracking
619,619.jpg,Cracking
620,620.jpg,Cracking
621,621.jpg,Cracking
622,622.jpg,Cracking
623,623.jpg,Cracking
624,624.jpg,Cracking
625,625.jpg,Cracking
626,626.jpg,Cracking
627,627.jpg,Cracking
628,628.jpg,Cracking
629,629.jpg,Cracking
630,630.jpg,Cracking
631,631.jpg,Cracking
632,632.jpg,Cracking
633,633.jpg,Cracking
634,634.jpg,Cracking
635,635.jpg,Cracking
636,636.jpg,Cracking
637,637.jpg,Cracking
638,638.jpg,Cracking
639,639.jpg,Cracking
640,640.jpg,Cracking
641,641.jpg,Cracking
642,642.jpg,Cracking
643,643.jpg,Cracking
644,644.jpg,Cracking
645,645.jpg,Cracking
646,646.jpg,Cracking
647,647.jpg,Cracking
648,648.jpg,Cracking
649,649.jpg,Cracking
650,650.jpg,Cracking
651,651.jpg,Cracking
652,652.jpg,Cracking
653,653.jpg,Cracking
654,654.jpg,Cracking
655,655.jpg,Cracking
656,656.jpg,Cracking
657,657.jpg,Cracking
658,658.jpg,Cracking
659,659.jpg,Cracking
660,660.jpg,Cracking
661,661.jpg,Cracking
662,662.jpg,Cracking
663,663.jpg,Cracking
664,664.jpg,Cracking
665,665.jpg,Cracking
666,666.jpg,Cracking
667,667.jpg,Cracking
668,668.jpg,Cracking
669,669.jpg,Cracking
670,670.jpg,Cracking
671,671.jpg,Cracking
672,672.jpg,Cracking
673,673.jpg,Cracking
674,674.jpg,Cracking
675,675.jpg,Cracking
676,676.jpg,Cracking
677,677.jpg,Cracking
678,678.jpg,Cracking
679,679.jpg,Cracking
680,680.jpg,Cracking
681,681.jpg,Cracking
682,682.jpg,Cracking
683,683.jpg,Cracking
684,684.jpg,Cracking
685,685.jpg,Cracking
686,686.jpg,Cracking
687,687.jpg,Cracking
688,688.jpg,Cracking
689,689.jpg,Cracking
690,690.jpg,Cracking
691,691.jpg,Cracking
692,692.jpg,Cracking
693,693.jpg,Cracking
694,694.jpg,Cracking
695,695.jpg,Cracking
696,696.jpg,Cracking
697,697.jpg,Cracking
698,698.jpg,Cracking
699,699.jpg,Cracking
700,700.jpg,Cracking
701,701.jpg,Cracking
702,702.jpg,Cracking
703,703.jpg,Cracking
704,704.jpg,Cracking
705,705.jpg,Cracking
706,706.jpg,Cracking
707,707.jpg,Cracking
708,708.jpg,Cracking
709,709.jpg,Cracking
710,710.jpg,Cracking
711,711.jpg,Cracking
712,712.jpg,Cracking
713,713.jpg,Cracking
714,714.jpg,Cracking
715,715.jpg,Cracking
716,716.jpg,Cracking
717,717.jpg,Cracking
718,718.jpg,Cracking
719,719.jpg,Cracking
720,720.jpg,Cracking
721,721.jpg,Cracking
722,722.jpg,Cracking
723,723.jpg,Cracking
724,724.jpg,Cracking
725,725.jpg,Cracking
726,726.jpg,Cracking
727,727.jpg,Cracking
728,728.jpg,Cracking
729,729.jpg,Cracking
730,730.jpg,Cracking
731,731.jpg,Cracking
732,732.jpg,Cracking
733,733.jpg,Cracking
734,734.jpg,Cracking
735,735.jpg,Cracking
736,736.jpg,Cracking
737,737.jpg,Cracking
738,738.jpg,Cracking
739,739.jpg,Cracking
740,740.jpg,Cracking
741,741.jpg,Cracking
742,742.jpg,Cracking
743,743.jpg,Cracking
744,744.jpg,Cracking
745,745.jpg,Cracking
746,746.jpg,Cracking
747,747.jpg,Cracking
748,748.jpg,Cracking
749,749.jpg,Cracking
750,750.jpg,Cracking
751,751.jpg,Cracking
752,752.jpg,Cracking
753,753.jpg,Cracking
754,754.jpg,Cracking
755,755.jpg,Cracking
756,756.jpg,Cracking
757,757.jpg,Cracking
758,758.jpg,Cracking
759,759.jpg,Cracking
760,760.jpg,Cracking
761,761.jpg,Cracking
762,762.jpg,Cracking
763,763.jpg,Cracking
764,764.jpg,Cracking
765,765.jpg,Cracking
766,766.jpg,Cracking
767,767.jpg,Cracking
768,768.jpg,Cracking
769,769.jpg,Cracking
770,770.jpg,Cracking
771,771.jpg,Cracking
772,772.jpg,Cracking
773,773.jpg,Cracking
774,774.jpg,Cracking
775,775.jpg,Cracking
776,776.jpg,Cracking
777,777.jpg,Cracking
778,778.jpg,Cracking
779,779.jpg,Cracking
780,780.jpg,Cracking
781,781.jpg,Cracking
782,782.jpg,Cracking
783,783.jpg,Cracking
784,784.jpg,Cracking
785,785.jpg,Cracking
786,786.jpg,Cracking
787,787.jpg,Cracking
788,788.jpg,Cracking
789,789.jpg,Cracking
790,790.jpg,Cracking
791,791.jpg,Cracking
792,792.jpg,Cracking
793,793.jpg,Cracking
794,794.jpg,Cracking
795,795.jpg,Cracking
796,796.jpg,Cracking
797,797.jpg,Cracking
798,798.jpg,Cracking
799,799.jpg,Cracking
800,800.jpg,Cracking
801,801.jpg,Cracking
802,802.jpg,Cracking
803,803.jpg,Cracking
804,804.jpg,Cracking
805,805.jpg,Cracking
806,806.jpg,Cracking
807,807.jpg,Cracking
808,808.jpg,Cracking
809,809.jpg,Cracking
810,810.jpg,Cracking
811,811.jpg,Cracking
812,812.jpg,Cracking
813,813.jpg,Cracking
814,814.jpg,Cracking
815,815.jpg,Cracking
816,816.jpg,Cracking
817,817.jpg,Cracking
818,818.jpg,Cracking
819,819.jpg,Cracking
820,820.jpg,Cracking
821,821.jpg,Cracking
822,822.jpg,Cracking
823,823.jpg,Cracking
824,824.jpg,Cracking
825,825.jpg,Cracking
826,826.jpg,Cracking
827,827.jpg,Cracking
828,828.jpg,Cracking
829,829.jpg,Cracking
830,830.jpg,Cracking
831,831.jpg,Cracking
832,832.jpg,Cracking
833,833.jpg,Cracking
834,834.jpg,Cracking
835,835.jpg,Cracking
836,836.jpg,Cracking
837,837.jpg,Cracking
838,838.jpg,Cracking
839,839.jpg,Cracking
840,840.jpg,Cracking
841,841.jpg,Cracking
842,842.jpg,Cracking
843,843.jpg,Cracking
844,844.jpg,Cracking
845,845.jpg,Cracking
846,846.jpg,Cracking
847,847.jpg,Cracking
848,848.jpg,Cracking
849,849.jpg,Cracking
850,850.jpg,Cracking
851,851.jpg,Cracking
852,852.jpg,Cracking
853,853.jpg,Cracking
854,854.jpg,Cracking
855,855.jpg,Cracking
856,856.jpg,Cracking
857,857.jpg,Cracking
858,858.jpg,Cracking
859,859.jpg,Cracking
860,860.jpg,Cracking
861,861.jpg,Cracking
862,862.jpg,Cracking
863,863.jpg,Cracking
864,864.jpg,Cracking
865,865.jpg,Cracking
866,866.jpg,Cracking
867,867.jpg,Cracking
868,868.jpg,Cracking
869,869.jpg,Cracking
870,870.jpg,Cracking
871,871.jpg,Cracking
872,872.jpg,Cracking
873,873.jpg,Cracking
874,874.jpg,Cracking
875,875.jpg,Cracking
876,876.jpg,Cracking
877,877.jpg,Cracking
878,878.jpg,Cracking
879,879.jpg,Cracking
880,880.jpg,Cracking
881,881.jpg,Cracking
882,882.jpg,Cracking
883,883.jpg,Cracking
884,884.jpg,Cracking
885,885.jpg,Cracking
886,886.jpg,Cracking
887,887.jpg,Cracking
888,888.jpg,Cracking
889,889.jpg,Cracking
890,890.jpg,Cracking
891,891.jpg,Cracking
892,892.jpg,Cracking
893,893.jpg,Cracking
894,894.jpg,Cracking
895,895.jpg,Cracking
896,896.jpg,Cracking
897,897.jpg,Cracking
898,898.jpg,Cracking
899,899.jpg,Cracking
900,900.jpg,Cracking
901,901.jpg,Cracking
902,902.jpg,Cracking
903,903.jpg,Cracking
904,904.jpg,Cracking
905,905.jpg,Cracking
906,906.jpg,Cracking
907,907.jpg,Cracking
908,908.jpg,Cracking
909,909.jpg,Cracking
910,910.jpg,Cracking
911,911.jpg,Cracking
912,912.jpg,Cracking
913,913.jpg,Cracking
914,914.jpg,Cracking
915,915.jpg,Cracking
916,916.jpg,Cracking
917,917.jpg,Cracking
918,918.jpg,Cracking
919,919.jpg,Cracking
920,920.jpg,Cracking
921,921.jpg,Diode
922,922.jpg,Diode
923,923.jpg,Diode
924,924.jpg,Diode
925,925.jpg,Diode
926,926.jpg,Diode
927,927.jpg,Diode
928,928.jpg,Diode
929,929.jpg,Diode
930,930.jpg,Diode
931,931.jpg,Diode
932,932.jpg,Diode
933,933.jpg,Diode
934,934.jpg,Diode
935,935.jpg,Diode
936,936.jpg,Diode
937,937.jpg,Diode
938,938.jpg,Diode
939,939.jpg,Diode
940,940.jpg,Diode
941,941.jpg,Diode
942,942.jpg,Diode
943,943.jpg,Diode
944,944.jpg,Diode
945,945.jpg,Diode
946,946.jpg,Diode
947,947.jpg,Diode
948,948.jpg,Diode
949,949.jpg,Diode
950,950.jpg,Diode
951,951.jpg,Diode
952,952.jpg,Diode
953,953.jpg,Diode
954,954.jpg,Diode
955,955.jpg,Diode
956,956.jpg,Diode
957,957.jpg,Diode
958,958.jpg,Diode
959,959.jpg,Diode
960,960.jpg,Diode
961,961.jpg,Diode
962,962.jpg,Diode
963,963.jpg,Diode
964,964.jpg,Diode
965,965.jpg,Diode
966,966.jpg,Diode
967,967.jpg,Diode
968,968.jpg,Diode
969,969.jpg,Diode
970,970.jpg,Diode
971,971.jpg,Diode
972,972.jpg,Diode
973,973.jpg,Diode
974,974.jpg,Diode
975,975.jpg,Diode
976,976.jpg,Diode
977,977.jpg,Diode
978,978.jpg,Diode
979,979.jpg,Diode
980,980.jpg,Diode
981,981.jpg,Diode
982,982.jpg,Diode
983,983.jpg,Diode
984,984.jpg,Diode
985,985.jpg,Diode
986,986.jpg,Diode
987,987.jpg,Diode
988,988.jpg,Diode
989,989.jpg,Diode
990,990.jpg,Diode
991,991.jpg,Diode
992,992.jpg,Diode
993,993.jpg,Diode
994,994.jpg,Diode
995,995.jpg,Diode
996,996.jpg,Diode
997,997.jpg,Diode
998,998.jpg,Diode
999,999.jpg,Diode
1000,1000.jpg,Diode
1001,1001.jpg,Diode
1002,1002.jpg,Diode
1003,1003.jpg,Diode
1004,1004.jpg,Diode
1005,1005.jpg,Diode
1006,1006.jpg,Diode
1007,1007.jpg,Diode
1008,1008.jpg,Diode
1009,1009.jpg,Diode
1010,1010.jpg,Diode
1011,1011.jpg,Diode
1012,1012.jpg,Diode
1013,1013.jpg,Diode
1014,1014.jpg,Diode
1015,1015.jpg,Diode
1016,1016.jpg,Diode
1017,1017.jpg,Diode
1018,1018.jpg,Diode
1019,1019.jpg,Diode
1020,1020.jpg,Diode
1021,1021.jpg,Diode
1022,1022.jpg,Diode
1023,1023.jpg,Diode
1024,1024.jpg,Diode
1025,1025.jpg,Diode
1026,1026.jpg,Diode
1027,1027.jpg,Diode
1028,1028.jpg,Diode
1029,1029.jpg,Diode
1030,1030.jpg,Diode
1031,1031.jpg,Diode
1032,1032.jpg,Diode
1033,1033.jpg,Diode
1034,1034.jpg,Diode
1035,1035.jpg,Diode
1036,1036.jpg,Diode
1037,1037.jpg,Diode
1038,1038.jpg,Diode
1039,1039.jpg,Diode
1040,1040.jpg,Diode
1041,1041.jpg,Diode
1042,1042.jpg,Diode
1043,1043.jpg,Diode
1044,1044.jpg,Diode
1045,1045.jpg,Diode
1046,1046.jpg,Diode
1047,1047.jpg,Diode
1048,1048.jpg,Diode
1049,1049.jpg,Diode
1050,1050.jpg,Diode
1051,1051.jpg,Diode
1052,1052.jpg,Diode
1053,1053.jpg,Diode
1054,1054.jpg,Diode
1055,1055.jpg,Diode
1056,1056.jpg,Diode
1057,1057.jpg,Diode
1058,1058.jpg,Diode
1059,1059.jpg,Diode
1060,1060.jpg,Diode
1061,1061.jpg,Diode
1062,1062.jpg,Diode
1063,1063.jpg,Diode
1064,1064.jpg,Diode
1065,1065.jpg,Diode
1066,1066.jpg,Diode
1067,1067.jpg,Diode
1068,1068.jpg,Diode
1069,1069.jpg,Diode
1070,1070.jpg,Diode
1071,1071.jpg,Diode
1072,1072.jpg,Diode
1073,1073.jpg,Diode
1074,1074.jpg,Diode
1075,1075.jpg,Diode
1076,1076.jpg,Diode
1077,1077.jpg,Diode
1078,1078.jpg,Diode
1079,1079.jpg,Diode
1080,1080.jpg,Diode
1081,1081.jpg,Diode
1082,1082.jpg,Diode
1083,1083.jpg,Diode
1084,1084.jpg,Diode
1085,1085.jpg,Diode
1086,1086.jpg,Diode
1087,1087.jpg,Diode
1088,1088.jpg,Diode
1089,1089.jpg,Diode
1090,1090.jpg,Diode
1091,1091.jpg,Diode
1092,1092.jpg,Diode
1093,1093.jpg,Diode
1094,1094.jpg,Diode
1095,1095.jpg,Diode
1096,1096.jpg,Diode
1097,1097.jpg,Diode
1098,1098.jpg,Diode
1099,1099.jpg,Diode
1100,1100.jpg,Diode
1101,1101.jpg,Diode
1102,1102.jpg,Diode
1103,1103.jpg,Diode
1104,1104.jpg,Diode
1105,1105.jpg,Diode
1106,1106.jpg,Diode
1107,1107.jpg,Diode
1108,1108.jpg,Diode
1109,1109.jpg,Diode
1110,1110.jpg,Diode
1111,1111.jpg,Diode
1112,1112.jpg,Diode
1113,1113.jpg,Diode
1114,1114.jpg,Diode
1115,1115.jpg,Diode
1116,1116.jpg,Diode
1117,1117.jpg,Diode
1118,1118.jpg,Diode
1119,1119.jpg,Diode
1120,1120.jpg,Diode
1121,1121.jpg,Diode
1122,1122.jpg,Diode
1123,1123.jpg,Diode
1124,1124.jpg,Diode
1125,1125.jpg,Diode
1126,1126.jpg,Diode
1127,1127.jpg,Diode
1128,1128.jpg,Diode
1129,1129.jpg,Diode
1130,1130.jpg,Diode
1131,1131.jpg,Diode
1132,1132.jpg,Diode
1133,1133.jpg,Diode
1134,1134.jpg,Diode
1135,1135.jpg,Diode
1136,1136.jpg,Diode
1137,1137.jpg,Diode
1138,1138.jpg,Diode
1139,1139.jpg,Diode
1140,1140.jpg,Diode
1141,1141.jpg,Diode
1142,1142.jpg,Diode
1143,1143.jpg,Diode
1144,1144.jpg,Diode
1145,1145.jpg,Diode
1146,1146.jpg,Diode
1147,1147.jpg,Diode
1148,1148.jpg,Diode
1149,1149.jpg,Diode
1150,1150.jpg,Diode
1151,1151.jpg,Diode
1152,1152.jpg,Diode
1153,1153.jpg,Diode
1154,1154.jpg,Diode
1155,1155.jpg,Diode
1156,1156.jpg,Diode
1157,1157.jpg,Diode
1158,1158.jpg,Diode
1159,1159.jpg,Diode
1160,1160.jpg,Diode
1161,1161.jpg,Diode
1162,1162.jpg,Diode
1163,1163.jpg,Diode
1164,1164.jpg,Diode
1165,1165.jpg,Diode
1166,1166.jpg,Diode
1167,1167.jpg,Diode
1168,1168.jpg,Diode
1169,1169.jpg,Diode
1170,1170.jpg,Diode
1171,1171.jpg,Diode
1172,1172.jpg,Diode
1173,1173.jpg,Diode
1174,1174.jpg,Diode
1175,1175.jpg,Diode
1176,1176.jpg,Diode
1177,1177.jpg,Diode
1178,1178.jpg,Diode
1179,1179.jpg,Diode
1180,1180.jpg,Diode
1181,1181.jpg,Diode
1182,1182.jpg,Diode
1183,1183.jpg,Diode
1184,1184.jpg,Diode
1185,1185.jpg,Diode
1186,1186.jpg,Diode
1187,1187.jpg,Diode
1188,1188.jpg,Diode
1189,1189.jpg,Diode
1190,1190.jpg,Diode
1191,1191.jpg,Diode
1192,1192.jpg,Diode
1193,1193.jpg,Diode
1194,1194.jpg,Diode
1195,1195.jpg,Diode
1196,1196.jpg,Diode
1197,1197.jpg,Diode
1198,1198.jpg,Diode
1199,1199.jpg,Diode
1200,1200.jpg,Diode
1201,1201.jpg,Diode
1202,1202.jpg,Diode
1203,1203.jpg,Diode
1204,1204.jpg,Diode
1205,1205.jpg,Diode
1206,1206.jpg,Diode
1207,1207.jpg,Diode
1208,1208.jpg,Diode
1209,1209.jpg,Diode
1210,1210.jpg,Diode
1211,1211.jpg,Diode
1212,1212.jpg,Diode
1213,1213.jpg,Diode
1214,1214.jpg,Diode
1215,1215.jpg,Diode
1216,1216.jpg,Diode
1217,1217.jpg,Diode
1218,1218.jpg,Diode
1219,1219.jpg,Diode
1220,1220.jpg,Diode
1221,1221.jpg,Diode
1222,1222.jpg,Diode
1223,1223.jpg,Diode
1224,1224.jpg,Diode
1225,1225.jpg,Diode
1226,1226.jpg,Diode
1227,1227.jpg,Diode
1228,1228.jpg,Diode
1229,1229.jpg,Diode
1230,1230.jpg,Diode
1231,1231.jpg,Diode
1232,1232.jpg,Diode
1233,1233.jpg,Diode
1234,1234.jpg,Diode
1235,1235.jpg,Diode
1236,1236.jpg,Diode
1237,1237.jpg,Diode
1238,1238.jpg,Diode
1239,1239.jpg,Diode
1240,1240.jpg,Diode
1241,1241.jpg,Diode
1242,1242.jpg,Diode
1243,1243.jpg,Diode
1244,1244.jpg,Diode
1245,1245.jpg,Diode
1246,1246.jpg,Diode
1247,1247.jpg,Diode
1248,1248.jpg,Diode
1249,1249.jpg,Diode
1250,1250.jpg,Diode
1251,1251.jpg,Diode
1252,1252.jpg,Diode
1253,1253.jpg,Diode
1254,1254.jpg,Diode
1255,1255.jpg,Diode
1256,1256.jpg,Diode
1257,1257.jpg,Diode
1258,1258.jpg,Diode
1259,1259.jpg,Diode
1260,1260.jpg,Diode
1261,1261.jpg,Diode
1262,1262.jpg,Diode
1263,1263.jpg,Diode
1264,1264.jpg,Diode
1265,1265.jpg,Diode
1266,1266.jpg,Diode
1267,1267.jpg,Diode
1268,1268.jpg,Diode
1269,1269.jpg,Diode
1270,1270.jpg,Diode
1271,1271.jpg,Diode
1272,1272.jpg,Diode
1273,1273.jpg,Diode
1274,1274.jpg,Diode
1275,1275.jpg,Diode
1276,1276.jpg,Diode
1277,1277.jpg,Diode
1278,1278.jpg,Diode
1279,1279.jpg,Diode
1280,1280.jpg,Diode
1281,1281.jpg,Diode
1282,1282.jpg,Diode
1283,1283.jpg,Diode
1284,1284.jpg,Diode
1285,1285.jpg,Diode
1286,1286.jpg,Diode
1287,1287.jpg,Diode
1288,1288.jpg,Diode
1289,1289.jpg,Diode
1290,1290.jpg,Diode
1291,1291.jpg,Diode
1292,1292.jpg,Diode
1293,1293.jpg,Diode
1294,1294.jpg,Diode
1295,1295.jpg,Diode
1296,1296.jpg,Diode
1297,1297.jpg,Diode
1298,1298.jpg,Diode
1299,1299.jpg,Diode
1300,1300.jpg,Diode
1301,1301.jpg,Diode
1302,1302.jpg,Diode
1303,1303.jpg,Diode
1304,1304.jpg,Diode
1305,1305.jpg,Diode
1306,1306.jpg,Diode
1307,1307.jpg,Diode
1308,1308.jpg,Diode
1309,1309.jpg,Diode
1310,1310.jpg,Diode
1311,1311.jpg,Diode
1312,1312.jpg,Diode
1313,1313.jpg,Diode
1314,1314.jpg,Diode
1315,1315.jpg,Diode
1316,1316.jpg,Diode
1317,1317.jpg,Diode
1318,1318.jpg,Diode
1319,1319.jpg,Diode
1320,1320.jpg,Diode
1321,1321.jpg,Diode
1322,1322.jpg,Diode
1323,1323.jpg,Diode
1324,1324.jpg,Diode
1325,1325.jpg,Diode
1326,1326.jpg,Diode
1327,1327.jpg,Diode
1328,1328.jpg,Diode
1329,1329.jpg,Diode
1330,1330.jpg,Diode
1331,1331.jpg,Diode
1332,1332.jpg,Diode
1333,1333.jpg,Diode
1334,1334.jpg,Diode
1335,1335.jpg,Diode
1336,1336.jpg,Diode
1337,1337.jpg,Diode
1338,1338.jpg,Diode
1339,1339.jpg,Diode
1340,1340.jpg,Diode
1341,1341.jpg,Diode
1342,1342.jpg,Diode
1343,1343.jpg,Diode
1344,1344.jpg,Diode
1345,1345.jpg,Diode
1346,1346.jpg,Diode
1347,1347.jpg,Diode
1348,1348.jpg,Diode
1349,1349.jpg,Diode
1350,1350.jpg,Diode
1351,1351.jpg,Diode
1352,1352.jpg,Diode
1353,1353.jpg,Diode
1354,1354.jpg,Diode
1355,1355.jpg,Diode
1356,1356.jpg,Diode
1357,1357.jpg,Diode
1358,1358.jpg,Diode
1359,1359.jpg,Diode
1360,1360.jpg,Diode
1361,1361.jpg,Diode
1362,1362.jpg,Diode
1363,1363.jpg,Diode
1364,1364.jpg,Diode
1365,1365.jpg,Diode
1366,1366.jpg,Diode
1367,1367.jpg,Diode
1368,1368.jpg,Diode
1369,1369.jpg,Diode
1370,1370.jpg,Diode
1371,1371.jpg,Diode
1372,1372.jpg,Diode
1373,1373.jpg,Diode
1374,1374.jpg,Diode
1375,1375.jpg,Diode
1376,1376.jpg,Diode
1377,1377.jpg,Diode
1378,1378.jpg,Diode
1379,1379.jpg,Diode
1380,1380.jpg,Diode
1381,1381.jpg,Diode
1382,1382.jpg,Diode
1383,1383.jpg,Diode
1384,1384.jpg,Diode
1385,1385.jpg,Diode
1386,1386.jpg,Diode
1387,1387.jpg,Diode
1388,1388.jpg,Diode
1389,1389.jpg,Diode
1390,1390.jpg,Diode
1391,1391.jpg,Diode
1392,1392.jpg,Diode
1393,1393.jpg,Diode
1394,1394.jpg,Diode
1395,1395.jpg,Diode
1396,1396.jpg,Diode
1397,1397.jpg,Diode
1398,1398.jpg,Diode
1399,1399.jpg,Diode
1400,1400.jpg,Diode
1401,1401.jpg,Diode
1402,1402.jpg,Hot-spot
1403,1403.jpg,Hot-spot
1404,1404.jpg,Hot-spot
1405,1405.jpg,Hot-spot
1406,1406.jpg,Hot-spot
1407,1407.jpg,Hot-spot
1408,1408.jpg,Hot-spot
1409,1409.jpg,Hot-spot
1410,1410.jpg,Hot-spot
1411,1411.jpg,Hot-spot
1412,1412.jpg,Hot-spot
1413,1413.jpg,Hot-spot
1414,1414.jpg,Hot-spot
1415,1415.jpg,Hot-spot
1416,1416.jpg,Hot-spot
1417,1417.jpg,Hot-spot
1418,1418.jpg,Hot-spot
1419,1419.jpg,Hot-spot
1420,1420.jpg,Hot-spot
1421,1421.jpg,Hot-spot
1422,1422.jpg,Hot-spot
1423,1423.jpg,Hot-spot
1424,1424.jpg,Hot-spot
1425,1425.jpg,Hot-spot
1426,1426.jpg,Hot-spot
1427,1427.jpg,Hot-spot
1428,1428.jpg,Hot-spot
1429,1429.jpg,Hot-spot
1430,1430.jpg,Hot-spot
1431,1431.jpg,Hot-spot
1432,1432.jpg,Hot-spot
1433,1433.jpg,Hot-spot
1434,1434.jpg,Hot-spot
1435,1435.jpg,Hot-spot
1436,1436.jpg,Hot-spot
1437,1437.jpg,Hot-spot
1438,1438.jpg,Hot-spot
1439,1439.jpg,Hot-spot
1440,1440.jpg,Hot-spot
1441,1441.jpg,Hot-spot
1442,1442.jpg,Hot-spot
1443,1443.jpg,Hot-spot
1444,1444.jpg,Hot-spot
1445,1445.jpg,Hot-spot
1446,1446.jpg,Hot-spot
1447,1447.jpg,Hot-spot
1448,1448.jpg,Hot-spot
1449,1449.jpg,Hot-spot
1450,1450.jpg,Hot-spot
1451,1451.jpg,Hot-spot
1452,1452.jpg,Hot-spot
1453,1453.jpg,Hot-spot
1454,1454.jpg,Hot-spot
1455,1455.jpg,Hot-spot
1456,1456.jpg,Hot-spot
1457,1457.jpg,Hot-spot
1458,1458.jpg,Hot-spot
1459,1459.jpg,Hot-spot
1460,1460.jpg,Hot-spot
1461,1461.jpg,Hot-spot
1462,1462.jpg,Hot-spot
1463,1463.jpg,Hot-spot
1464,1464.jpg,Hot-spot
1465,1465.jpg,Hot-spot
1466,1466.jpg,Hot-spot
1467,1467.jpg,Hot-spot
1468,1468.jpg,Hot-spot
1469,1469.jpg,Hot-spot
1470,1470.jpg,Hot-spot
1471,1471.jpg,Hot-spot
1472,1472.jpg,Hot-spot
1473,1473.jpg,Hot-spot
1474,1474.jpg,Hot-spot
1475,1475.jpg,Hot-spot
1476,1476.jpg,Hot-spot
1477,1477.jpg,Hot-spot
1478,1478.jpg,Hot-spot
1479,1479.jpg,Hot-spot
1480,1480.jpg,Hot-spot
1481,1481.jpg,Hot-spot
1482,1482.jpg,Hot-spot
1483,1483.jpg,Hot-spot
1484,1484.jpg,Hot-spot
1485,1485.jpg,Hot-spot
1486,1486.jpg,Hot-spot
1487,1487.jpg,Hot-spot
1488,1488.jpg,Hot-spot
1489,1489.jpg,Hot-spot
1490,1490.jpg,Hot-spot
1491,1491.jpg,Hot-spot
1492,1492.jpg,Hot-spot
1493,1493.jpg,Hot-spot
1494,1494.jpg,Hot-spot
1495,1495.jpg,Hot-spot
1496,1496.jpg,Hot-spot
1497,1497.jpg,Hot-spot
1498,1498.jpg,Hot-spot
1499,1499.jpg,Hot-spot
1500,1500.jpg,Hot-spot
1501,1501.jpg,Hot-spot
1502,1502.jpg,Hot-spot
1503,1503.jpg,Hot-spot
1504,1504.jpg,Hot-spot
1505,1505.jpg,Hot-spot
1506,1506.jpg,Hot-spot
1507,1507.jpg,Hot-spot
1508,1508.jpg,Hot-spot
1509,1509.jpg,Hot-spot
1510,1510.jpg,Hot-spot
1511,1511.jpg,Hot-spot
1512,1512.jpg,Hot-spot
1513,1513.jpg,Hot-spot
1514,1514.jpg,Hot-spot
1515,1515.jpg,Hot-spot
1516,1516.jpg,Hot-spot
1517,1517.jpg,Hot-spot
1518,1518.jpg,Hot-spot
1519,1519.jpg,Hot-spot
1520,1520.jpg,Hot-spot
1521,1521.jpg,Hot-spot
1522,1522.jpg,Hot-spot
1523,1523.jpg,Hot-spot
1524,1524.jpg,Hot-spot
1525,1525.jpg,Hot-spot
1526,1526.jpg,Hot-spot
1527,1527.jpg,Hot-spot
1528,1528.jpg,Hot-spot
1529,1529.jpg,Hot-spot
1530,1530.jpg,Hot-spot
1531,1531.jpg,Hot-spot
1532,1532.jpg,Hot-spot
1533,1533.jpg,Hot-spot
1534,1534.jpg,Hot-spot
1535,1535.jpg,Hot-spot
1536,1536.jpg,Hot-spot
1537,1537.jpg,Hot-spot
1538,1538.jpg,Hot-spot
1539,1539.jpg,Hot-spot
1540,1540.jpg,Hot-spot
1541,1541.jpg,Hot-spot
1542,1542.jpg,Hot-spot
1543,1543.jpg,Hot-spot
1544,1544.jpg,Hot-spot
1545,1545.jpg,Hot-spot
1546,1546.jpg,Hot-spot
1547,1547.jpg,Hot-spot
1548,1548.jpg,Hot-spot
1549,1549.jpg,Hot-spot
1550,1550.jpg,Hot-spot
1551,1551.jpg,Hot-spot
1552,1552.jpg,Hot-spot
1553,1553.jpg,Hot-spot
1554,1554.jpg,Hot-spot
1555,1555.jpg,Hot-spot
1556,1556.jpg,Hot-spot
1557,1557.jpg,Hot-spot
1558,1558.jpg,Hot-spot
1559,1559.jpg,Hot-spot
1560,1560.jpg,Hot-spot
1561,1561.jpg,Hot-spot
1562,1562.jpg,Hot-spot
1563,1563.jpg,Hot-spot
1564,1564.jpg,Hot-spot
1565,1565.jpg,Hot-spot
1566,1566.jpg,Hot-spot
1567,1567.jpg,Hot-spot
1568,1568.jpg,Hot-spot
1569,1569.jpg,Hot-spot
1570,1570.jpg,Hot-spot
1571,1571.jpg,Hot-spot
1572,1572.jpg,Hot-spot
1573,1573.jpg,Hot-spot
1574,1574.jpg,Hot-spot
1575,1575.jpg,Hot-spot
1576,1576.jpg,Hot-spot
1577,1577.jpg,Hot-spot
1578,1578.jpg,Hot-spot
1579,1579.jpg,Hot-spot
1580,1580.jpg,Hot-spot
1581,1581.jpg,Hot-spot
1582,1582.jpg,Hot-spot
1583,1583.jpg,Hot-spot
1584,1584.jpg,Hot-spot
1585,1585.jpg,Hot-spot
1586,1586.jpg,Hot-spot
1587,1587.jpg,Hot-spot
1588,1588.jpg,Hot-spot
1589,1589.jpg,Hot-spot
1590,1590.jpg,Hot-spot
1591,1591.jpg,Hot-spot
1592,1592.jpg,Hot-spot
1593,1593.jpg,Hot-spot
1594,1594.jpg,Hot-spot
1595,1595.jpg,Hot-spot
1596,1596.jpg,Hot-spot
1597,1597.jpg,Hot-spot
1598,1598.jpg,Hot-spot
1599,1599.jpg,Hot-spot
1600,1600.jpg,Hot-spot
1601,1601.jpg,Hot-spot
1602,1602.jpg,Hot-spot
1603,1603.jpg,Hot-spot
1604,1604.jpg,Hot-spot
1605,1605.jpg,Hot-spot
1606,1606.jpg,Hot-spot
1607,1607.jpg,Hot-spot
1608,1608.jpg,Hot-spot
1609,1609.jpg,Hot-spot
1610,1610.jpg,Hot-spot
1611,1611.jpg,Hot-spot
1612,1612.jpg,Hot-spot
1613,1613.jpg,Hot-spot
1614,1614.jpg,Hot-spot
1615,1615.jpg,Hot-spot
1616,1616.jpg,Hot-spot
1617,1617.jpg,Hot-spot
1618,1618.jpg,Hot-spot
1619,1619.jpg,Hot-spot
1620,1620.jpg,Hot-spot
1621,1621.jpg,Hot-spot
1622,1622.jpg,Hot-spot
1623,1623.jpg,Hot-spot
1624,1624.jpg,Hot-spot
1625,1625.jpg,Hot-spot
1626,1626.jpg,Hot-spot
1627,1627.jpg,Hot-spot
1628,1628.jpg,Hot-spot
1629,1629.jpg,Hot-spot
1630,1630.jpg,Hot-spot
1631,1631.jpg,Hot-spot
1632,1632.jpg,Hot-spot
1633,1633.jpg,Hot-spot
1634,1634.jpg,Hot-spot
1635,1635.jpg,Hot-spot
1636,1636.jpg,Hot-spot
1637,1637.jpg,Hot-spot
1638,1638.jpg,Hot-spot
1639,1639.jpg,Hot-spot
1640,1640.jpg,Hot-spot
1641,1641.jpg,Hot-spot
1642,1642.jpg,Hot-spot
1643,1643.jpg,Hot-spot
1644,1644.jpg,Hot-spot
1645,1645.jpg,Hot-spot
1646,1646.jpg,Hot-spot
1647,1647.jpg,Hot-spot
1648,1648.jpg,Hot-spot
1649,1649.jpg,Hot-spot
1650,1650.jpg,Hot-spot
1651,1651.jpg,Hot-spot
1652,1652.jpg,Hot-spot
1653,1653.jpg,Hot-spot
1654,1654.jpg,Hot-spot
1655,1655.jpg,Hot-spot
1656,1656.jpg,Hot-spot
1657,1657.jpg,Hot-spot
1658,1658.jpg,Hot-spot
1659,1659.jpg,Hot-spot
1660,1660.jpg,Hot-spot
1661,1661.jpg,Hot-spot
1662,1662.jpg,Hot-spot
1663,1663.jpg,Hot-spot
1664,1664.jpg,Hot-spot
1665,1665.jpg,Hot-spot
1666,1666.jpg,Hot-spot
1667,1667.jpg,Hot-spot
1668,1668.jpg,Hot-spot
1669,1669.jpg,Hot-spot
1670,1670.jpg,Hot-spot
1671,1671.jpg,Hot-spot
1672,1672.jpg,Hot-spot
1673,1673.jpg,Hot-spot
1674,1674.jpg,Hot-spot
1675,1675.jpg,Hot-spot
1676,1676.jpg,Hot-spot
1677,1677.jpg,Hot-spot
1678,1678.jpg,Hot-spot
1679,1679.jpg,Hot-spot
1680,1680.jpg,Hot-spot
1681,1681.jpg,Hot-spot
1682,1682.jpg,Hot-spot
1683,1683.jpg,Hot-spot
1684,1684.jpg,Hot-spot
1685,1685.jpg,Hot-spot
1686,1686.jpg,Hot-spot
1687,1687.jpg,Hot-spot
1688,1688.jpg,Hot-spot
1689,1689.jpg,Hot-spot
1690,1690.jpg,Hot-spot
1691,1691.jpg,Hot-spot
1692,1692.jpg,Hot-spot
1693,1693.jpg,Hot-spot
1694,1694.jpg,Hot-spot
1695,1695.jpg,Hot-spot
1696,1696.jpg,Hot-spot
1697,1697.jpg,Hot-spot
1698,1698.jpg,Hot-spot
1699,1699.jpg,Hot-spot
1700,1700.jpg,Hot-spot
1701,1701.jpg,Hot-spot
1702,1702.jpg,Hot-spot
1703,1703.jpg,Hot-spot
1704,1704.jpg,Hot-spot
1705,1705.jpg,Hot-spot
1706,1706.jpg,Hot-spot
1707,1707.jpg,Hot-spot
1708,1708.jpg,Hot-spot
1709,1709.jpg,Hot-spot
1710,1710.jpg,Hot-spot
1711,1711.jpg,Hot-spot
1712,1712.jpg,Hot-spot
1713,1713.jpg,Hot-spot
1714,1714.jpg,Hot-spot
1715,1715.jpg,Hot-spot
1716,1716.jpg,Hot-spot
1717,1717.jpg,Hot-spot
1718,1718.jpg,Hot-spot
1719,1719.jpg,Hot-spot
1720,1720.jpg,Hot-spot
1721,1721.jpg,Hot-spot
1722,1722.jpg,Hot-spot
1723,1723.jpg,Hot-spot
1724,1724.jpg,Hot-spot
1725,1725.jpg,Hot-spot
1726,1726.jpg,Hot-spot
1727,1727.jpg,Hot-spot
1728,1728.jpg,Hot-spot
1729,1729.jpg,Hot-spot
1730,1730.jpg,Hot-spot
1731,1731.jpg,Hot-spot
1732,1732.jpg,Hot-spot
1733,1733.jpg,Hot-spot
1734,1734.jpg,Hot-spot
1735,1735.jpg,Hot-spot
1736,1736.jpg,Hot-spot
1737,1737.jpg,Hot-spot
1738,1738.jpg,Hot-spot
1739,1739.jpg,Hot-spot
1740,1740.jpg,Hot-spot
1741,1741.jpg,Hot-spot
1742,1742.jpg,Hot-spot
1743,1743.jpg,Hot-spot
1744,1744.jpg,Hot-spot
1745,1745.jpg,Hot-spot
1746,1746.jpg,Hot-spot
1747,1747.jpg,Hot-spot
1748,1748.jpg,Hot-spot
1749,1749.jpg,Hot-spot
1750,1750.jpg,Hot-spot
1751,1751.jpg,Hot-spot
1752,1752.jpg,Hot-spot
1753,1753.jpg,Hot-spot
1754,1754.jpg,Hot-spot
1755,1755.jpg,Hot-spot
1756,1756.jpg,Hot-spot
1757,1757.jpg,Hot-spot
1758,1758.jpg,Hot-spot
1759,1759.jpg,Hot-spot
1760,1760.jpg,Hot-spot
1761,1761.jpg,Hot-spot
1762,1762.jpg,Hot-spot
1763,1763.jpg,Hot-spot
1764,1764.jpg,Hot-spot
1765,1765.jpg,Hot-spot
1766,1766.jpg,Hot-spot
1767,1767.jpg,Hot-spot
1768,1768.jpg,Hot-spot
1769,1769.jpg,Hot-spot
1770,1770.jpg,Hot-spot
1771,1771.jpg,Hot-spot
1772,1772.jpg,Hot-spot
1773,1773.jpg,Hot-spot
1774,1774.jpg,Hot-spot
1775,1775.jpg,Hot-spot
1776,1776.jpg,Hot-spot
1777,1777.jpg,Hot-spot
1778,1778.jpg,Hot-spot
1779,1779.jpg,Hot-spot
1780,1780.jpg,Hot-spot
1781,1781.jpg,Hot-spot
1782,1782.jpg,Nomaly
1783,1783.jpg,Nomaly
1784,1784.jpg,Nomaly
1785,1785.jpg,Nomaly
1786,1786.jpg,Nomaly
1787,1787.jpg,Nomaly
1788,1788.jpg,Nomaly
1789,1789.jpg,Nomaly
1790,1790.jpg,Nomaly
1791,1791.jpg,Nomaly
1792,1792.jpg,Nomaly
1793,1793.jpg,Nomaly
1794,1794.jpg,Nomaly
1795,1795.jpg,Nomaly
1796,1796.jpg,Nomaly
1797,1797.jpg,Nomaly
1798,1798.jpg,Nomaly
1799,1799.jpg,Nomaly
1800,1800.jpg,Nomaly
1801,1801.jpg,Nomaly
1802,1802.jpg,Nomaly
1803,1803.jpg,Nomaly
1804,1804.jpg,Nomaly
1805,1805.jpg,Nomaly
1806,1806.jpg,Nomaly
1807,1807.jpg,Nomaly
1808,1808.jpg,Nomaly
1809,1809.jpg,Nomaly
1810,1810.jpg,Nomaly
1811,1811.jpg,Nomaly
1812,1812.jpg,Nomaly
1813,1813.jpg,Nomaly
1814,1814.jpg,Nomaly
1815,1815.jpg,Nomaly
1816,1816.jpg,Nomaly
1817,1817.jpg,Nomaly
1818,1818.jpg,Nomaly
1819,1819.jpg,Nomaly
1820,1820.jpg,Nomaly
1821,1821.jpg,Nomaly
1822,1822.jpg,Nomaly
1823,1823.jpg,Nomaly
1824,1824.jpg,Nomaly
1825,1825.jpg,Nomaly
1826,1826.jpg,Nomaly
1827,1827.jpg,Nomaly
1828,1828.jpg,Nomaly
1829,1829.jpg,Nomaly
1830,1830.jpg,Nomaly
1831,1831.jpg,Nomaly
1832,1832.jpg,Nomaly
1833,1833.jpg,Nomaly
1834,1834.jpg,Nomaly
1835,1835.jpg,Nomaly
1836,1836.jpg,Nomaly
1837,1837.jpg,Nomaly
1838,1838.jpg,Nomaly
1839,1839.jpg,Nomaly
1840,1840.jpg,Nomaly
1841,1841.jpg,Nomaly
1842,1842.jpg,Nomaly
1843,1843.jpg,Nomaly
1844,1844.jpg,Nomaly
1845,1845.jpg,Nomaly
1846,1846.jpg,Nomaly
1847,1847.jpg,Nomaly
1848,1848.jpg,Nomaly
1849,1849.jpg,Nomaly
1850,1850.jpg,Nomaly
1851,1851.jpg,Nomaly
1852,1852.jpg,Nomaly
1853,1853.jpg,Nomaly
1854,1854.jpg,Nomaly
1855,1855.jpg,Nomaly
1856,1856.jpg,Nomaly
1857,1857.jpg,Nomaly
1858,1858.jpg,Nomaly
1859,1859.jpg,Nomaly
1860,1860.jpg,Nomaly
1861,1861.jpg,Nomaly
1862,1862.jpg,Nomaly
1863,1863.jpg,Nomaly
1864,1864.jpg,Nomaly
1865,1865.jpg,Nomaly
1866,1866.jpg,Nomaly
1867,1867.jpg,Nomaly
1868,1868.jpg,Nomaly
1869,1869.jpg,Nomaly
1870,1870.jpg,Nomaly
1871,1871.jpg,Nomaly
1872,1872.jpg,Nomaly
1873,1873.jpg,Nomaly
1874,1874.jpg,Nomaly
1875,1875.jpg,Nomaly
1876,1876.jpg,Nomaly
1877,1877.jpg,Nomaly
1878,1878.jpg,Nomaly
1879,1879.jpg,Nomaly
1880,1880.jpg,Nomaly
1881,1881.jpg,Nomaly
1882,1882.jpg,Nomaly
1883,1883.jpg,Nomaly
1884,1884.jpg,Nomaly
1885,1885.jpg,Nomaly
1886,1886.jpg,Nomaly
1887,1887.jpg,Nomaly
1888,1888.jpg,Nomaly
1889,1889.jpg,Nomaly
1890,1890.jpg,Nomaly
1891,1891.jpg,Nomaly
1892,1892.jpg,Nomaly
1893,1893.jpg,Nomaly
1894,1894.jpg,Nomaly
1895,1895.jpg,Nomaly
1896,1896.jpg,Nomaly
1897,1897.jpg,Nomaly
1898,1898.jpg,Nomaly
1899,1899.jpg,Nomaly
1900,1900.jpg,Nomaly
1901,1901.jpg,Nomaly
1902,1902.jpg,Nomaly
1903,1903.jpg,Nomaly
1904,1904.jpg,Nomaly
1905,1905.jpg,Nomaly
1906,1906.jpg,Nomaly
1907,1907.jpg,Nomaly
1908,1908.jpg,Nomaly
1909,1909.jpg,Nomaly
1910,1910.jpg,Nomaly
1911,1911.jpg,Nomaly
1912,1912.jpg,Nomaly
1913,1913.jpg,Nomaly
1914,1914.jpg,Nomaly
1915,1915.jpg,Nomaly
1916,1916.jpg,Nomaly
1917,1917.jpg,Nomaly
1918,1918.jpg,Nomaly
1919,1919.jpg,Nomaly
1920,1920.jpg,Nomaly
1921,1921.jpg,Nomaly
1922,1922.jpg,Nomaly
1923,1923.jpg,Nomaly
1924,1924.jpg,Nomaly
1925,1925.jpg,Nomaly
1926,1926.jpg,Nomaly
1927,1927.jpg,Nomaly
1928,1928.jpg,Nomaly
1929,1929.jpg,Nomaly
1930,1930.jpg,Nomaly
1931,1931.jpg,Nomaly
1932,1932.jpg,Nomaly
1933,1933.jpg,Nomaly
1934,1934.jpg,Nomaly
1935,1935.jpg,Nomaly
1936,1936.jpg,Nomaly
1937,1937.jpg,Nomaly
1938,1938.jpg,Nomaly
1939,1939.jpg,Nomaly
1940,1940.jpg,Nomaly
1941,1941.jpg,Nomaly
1942,1942.jpg,Nomaly
1943,1943.jpg,Nomaly
1944,1944.jpg,Nomaly
1945,1945.jpg,Nomaly
1946,1946.jpg,Nomaly
1947,1947.jpg,Nomaly
1948,1948.jpg,Nomaly
1949,1949.jpg,Nomaly
1950,1950.jpg,Nomaly
1951,1951.jpg,Nomaly
1952,1952.jpg,Nomaly
1953,1953.jpg,Nomaly
1954,1954.jpg,Nomaly
1955,1955.jpg,Nomaly
1956,1956.jpg,Nomaly
1957,1957.jpg,Nomaly
1958,1958.jpg,Nomaly
1959,1959.jpg,Nomaly
1960,1960.jpg,Nomaly
1961,1961.jpg,Nomaly
1962,1962.jpg,Nomaly
1963,1963.jpg,Nomaly
1964,1964.jpg,Nomaly
1965,1965.jpg,Nomaly
1966,1966.jpg,Nomaly
1967,1967.jpg,Nomaly
1968,1968.jpg,Nomaly
1969,1969.jpg,Nomaly
1970,1970.jpg,Nomaly
1971,1971.jpg,Nomaly
1972,1972.jpg,Nomaly
1973,1973.jpg,Nomaly
1974,1974.jpg,Nomaly
1975,1975.jpg,Nomaly
1976,1976.jpg,Nomaly
1977,1977.jpg,Nomaly
1978,1978.jpg,Nomaly
1979,1979.jpg,Nomaly
1980,1980.jpg,Nomaly
1981,1981.jpg,Nomaly
1982,1982.jpg,Nomaly
1983,1983.jpg,Nomaly
1984,1984.jpg,Nomaly
1985,1985.jpg,Nomaly
1986,1986.jpg,Nomaly
1987,1987.jpg,Nomaly
1988,1988.jpg,Nomaly
1989,1989.jpg,Nomaly
1990,1990.jpg,Nomaly
1991,1991.jpg,Nomaly
1992,1992.jpg,Nomaly
1993,1993.jpg,Nomaly
1994,1994.jpg,Nomaly
1995,1995.jpg,Nomaly
1996,1996.jpg,Nomaly
1997,1997.jpg,Nomaly
1998,1998.jpg,Nomaly
1999,1999.jpg,Nomaly
2000,2000.jpg,Nomaly
2001,2001.jpg,Nomaly
2002,2002.jpg,Nomaly
2003,2003.jpg,Nomaly
2004,2004.jpg,Nomaly
2005,2005.jpg,Nomaly
2006,2006.jpg,Nomaly
2007,2007.jpg,Nomaly
2008,2008.jpg,Nomaly
2009,2009.jpg,Nomaly
2010,2010.jpg,Nomaly
2011,2011.jpg,Nomaly
2012,2012.jpg,Nomaly
2013,2013.jpg,Nomaly
2014,2014.jpg,Nomaly
2015,2015.jpg,Nomaly
2016,2016.jpg,Nomaly
2017,2017.jpg,Nomaly
2018,2018.jpg,Nomaly
2019,2019.jpg,Nomaly
2020,2020.jpg,Nomaly
2021,2021.jpg,Nomaly
2022,2022.jpg,Nomaly
2023,2023.jpg,Nomaly
2024,2024.jpg,Nomaly
2025,2025.jpg,Nomaly
2026,2026.jpg,Nomaly
2027,2027.jpg,Nomaly
2028,2028.jpg,Nomaly
2029,2029.jpg,Nomaly
2030,2030.jpg,Nomaly
2031,2031.jpg,Nomaly
2032,2032.jpg,Nomaly
2033,2033.jpg,Nomaly
2034,2034.jpg,Nomaly
2035,2035.jpg,Nomaly
2036,2036.jpg,Nomaly
2037,2037.jpg,Nomaly
2038,2038.jpg,Nomaly
2039,2039.jpg,Nomaly
2040,2040.jpg,Nomaly
2041,2041.jpg,Nomaly
2042,2042.jpg,Nomaly
2043,2043.jpg,Nomaly
2044,2044.jpg,Nomaly
2045,2045.jpg,Nomaly
2046,2046.jpg,Nomaly
2047,2047.jpg,Nomaly
2048,2048.jpg,Nomaly
2049,2049.jpg,Nomaly
2050,2050.jpg,Nomaly
2051,2051.jpg,Nomaly
2052,2052.jpg,Nomaly
2053,2053.jpg,Nomaly
2054,2054.jpg,Nomaly
2055,2055.jpg,Nomaly
2056,2056.jpg,Nomaly
2057,2057.jpg,Nomaly
2058,2058.jpg,Nomaly
2059,2059.jpg,Nomaly
2060,2060.jpg,Nomaly
2061,2061.jpg,Nomaly
2062,2062.jpg,Nomaly
2063,2063.jpg,Nomaly
2064,2064.jpg,Nomaly
2065,2065.jpg,Nomaly
2066,2066.jpg,Nomaly
2067,2067.jpg,Nomaly
2068,2068.jpg,Nomaly
2069,2069.jpg,Nomaly
2070,2070.jpg,Nomaly
2071,2071.jpg,Nomaly
2072,2072.jpg,Nomaly
2073,2073.jpg,Nomaly
2074,2074.jpg,Nomaly
2075,2075.jpg,Nomaly
2076,2076.jpg,Nomaly
2077,2077.jpg,Nomaly
2078,2078.jpg,Nomaly
2079,2079.jpg,Nomaly
2080,2080.jpg,Nomaly
2081,2081.jpg,Nomaly
2082,2082.jpg,Nomaly
2083,2083.jpg,Nomaly
2084,2084.jpg,Nomaly
2085,2085.jpg,Nomaly
2086,2086.jpg,Nomaly
2087,2087.jpg,Nomaly
2088,2088.jpg,Nomaly
2089,2089.jpg,Nomaly
2090,2090.jpg,Nomaly
2091,2091.jpg,Nomaly
2092,2092.jpg,Nomaly
2093,2093.jpg,Nomaly
2094,2094.jpg,Nomaly
2095,2095.jpg,Nomaly
2096,2096.jpg,Nomaly
2097,2097.jpg,Nomaly
2098,2098.jpg,Nomaly
2099,2099.jpg,Nomaly
2100,2100.jpg,Nomaly
2101,2101.jpg,Nomaly
2102,2102.jpg,Nomaly
2103,2103.jpg,Nomaly
2104,2104.jpg,Nomaly
2105,2105.jpg,Nomaly
2106,2106.jpg,Nomaly
2107,2107.jpg,Nomaly
2108,2108.jpg,Nomaly
2109,2109.jpg,Nomaly
2110,2110.jpg,Nomaly
2111,2111.jpg,Nomaly
2112,2112.jpg,Nomaly
2113,2113.jpg,Nomaly
2114,2114.jpg,Nomaly
2115,2115.jpg,Nomaly
2116,2116.jpg,Nomaly
2117,2117.jpg,Nomaly
2118,2118.jpg,Nomaly
2119,2119.jpg,Nomaly
2120,2120.jpg,Nomaly
2121,2121.jpg,Nomaly
2122,2122.jpg,Nomaly
2123,2123.jpg,Nomaly
2124,2124.jpg,Nomaly
2125,2125.jpg,Nomaly
2126,2126.jpg,Nomaly
2127,2127.jpg,Nomaly
2128,2128.jpg,Nomaly
2129,2129.jpg,Nomaly
2130,2130.jpg,Nomaly
2131,2131.jpg,Nomaly
2132,2132.jpg,Nomaly
2133,2133.jpg,Nomaly
2134,2134.jpg,Nomaly
2135,2135.jpg,Nomaly
2136,2136.jpg,Nomaly
2137,2137.jpg,Nomaly
2138,2138.jpg,Nomaly
2139,2139.jpg,Nomaly
2140,2140.jpg,Nomaly
2141,2141.jpg,Nomaly
2142,2142.jpg,Nomaly
2143,2143.jpg,Nomaly
2144,2144.jpg,Nomaly
2145,2145.jpg,Nomaly
2146,2146.jpg,Nomaly
2147,2147.jpg,Nomaly
2148,2148.jpg,Nomaly
2149,2149.jpg,Nomaly
2150,2150.jpg,Nomaly
2151,2151.jpg,Nomaly
2152,2152.jpg,Nomaly
2153,2153.jpg,Nomaly
2154,2154.jpg,Nomaly
2155,2155.jpg,Nomaly
2156,2156.jpg,Nomaly
2157,2157.jpg,Nomaly
2158,2158.jpg,Nomaly
2159,2159.jpg,Nomaly
2160,2160.jpg,Nomaly
2161,2161.jpg,Nomaly
2162,2162.jpg,Nomaly
2163,2163.jpg,Nomaly
2164,2164.jpg,Nomaly
2165,2165.jpg,Nomaly
2166,2166.jpg,Nomaly
2167,2167.jpg,Nomaly
2168,2168.jpg,Nomaly
2169,2169.jpg,Nomaly
2170,2170.jpg,Nomaly
2171,2171.jpg,Nomaly
2172,2172.jpg,Nomaly
2173,2173.jpg,Nomaly
2174,2174.jpg,Nomaly
2175,2175.jpg,Nomaly
2176,2176.jpg,Nomaly
2177,2177.jpg,Nomaly
2178,2178.jpg,Nomaly
2179,2179.jpg,Nomaly
2180,2180.jpg,Nomaly
2181,2181.jpg,Nomaly
2182,2182.jpg,Nomaly
2183,2183.jpg,Nomaly
2184,2184.jpg,Nomaly
2185,2185.jpg,Nomaly
2186,2186.jpg,Nomaly
2187,2187.jpg,Nomaly
2188,2188.jpg,Nomaly
2189,2189.jpg,Nomaly
2190,2190.jpg,Nomaly
2191,2191.jpg,Nomaly
2192,2192.jpg,Nomaly
2193,2193.jpg,Nomaly
2194,2194.jpg,Nomaly
2195,2195.jpg,Nomaly
2196,2196.jpg,Nomaly
2197,2197.jpg,Nomaly
2198,2198.jpg,Nomaly
2199,2199.jpg,Nomaly
2200,2200.jpg,Nomaly
2201,2201.jpg,Nomaly
2202,2202.jpg,Nomaly
2203,2203.jpg,Nomaly
2204,2204.jpg,Nomaly
2205,2205.jpg,Nomaly
2206,2206.jpg,Nomaly
2207,2207.jpg,Nomaly
2208,2208.jpg,Nomaly
2209,2209.jpg,Nomaly
2210,2210.jpg,Nomaly
2211,2211.jpg,Nomaly
2212,2212.jpg,Nomaly
2213,2213.jpg,Nomaly
2214,2214.jpg,Nomaly
2215,2215.jpg,Nomaly
2216,2216.jpg,Nomaly
2217,2217.jpg,Nomaly
2218,2218.jpg,Nomaly
2219,2219.jpg,Nomaly
2220,2220.jpg,Nomaly
2221,2221.jpg,Nomaly
2222,2222.jpg,Nomaly
2223,2223.jpg,Nomaly
2224,2224.jpg,Nomaly
2225,2225.jpg,Nomaly
2226,2226.jpg,Nomaly
2227,2227.jpg,Nomaly
2228,2228.jpg,Nomaly
2229,2229.jpg,Nomaly
2230,2230.jpg,Nomaly
2231,2231.jpg,Nomaly
2232,2232.jpg,Nomaly
2233,2233.jpg,Nomaly
2234,2234.jpg,Shadow
2235,2235.jpg,Shadow
2236,2236.jpg,Shadow
2237,2237.jpg,Shadow
2238,2238.jpg,Shadow
2239,2239.jpg,Shadow
2240,2240.jpg,Shadow
2241,2241.jpg,Shadow
2242,2242.jpg,Shadow
2243,2243.jpg,Shadow
2244,2244.jpg,Shadow
2245,2245.jpg,Shadow
2246,2246.jpg,Shadow
2247,2247.jpg,Shadow
2248,2248.jpg,Shadow
2249,2249.jpg,Shadow
2250,2250.jpg,Shadow
2251,2251.jpg,Shadow
2252,2252.jpg,Shadow
2253,2253.jpg,Shadow
2254,2254.jpg,Shadow
2255,2255.jpg,Shadow
2256,2256.jpg,Shadow
2257,2257.jpg,Shadow
2258,2258.jpg,Shadow
2259,2259.jpg,Shadow
2260,2260.jpg,Shadow
2261,2261.jpg,Shadow
2262,2262.jpg,Shadow
2263,2263.jpg,Shadow
2264,2264.jpg,Shadow
2265,2265.jpg,Shadow
2266,2266.jpg,Shadow
2267,2267.jpg,Shadow
2268,2268.jpg,Shadow
2269,2269.jpg,Shadow
2270,2270.jpg,Shadow
2271,2271.jpg,Shadow
2272,2272.jpg,Shadow
2273,2273.jpg,Shadow
2274,2274.jpg,Shadow
2275,2275.jpg,Shadow
2276,2276.jpg,Shadow
2277,2277.jpg,Shadow
2278,2278.jpg,Shadow
2279,2279.jpg,Shadow
2280,2280.jpg,Shadow
2281,2281.jpg,Shadow
2282,2282.jpg,Shadow
2283,2283.jpg,Shadow
2284,2284.jpg,Shadow
2285,2285.jpg,Shadow
2286,2286.jpg,Shadow
2287,2287.jpg,Shadow
2288,2288.jpg,Shadow
2289,2289.jpg,Shadow
2290,2290.jpg,Shadow
2291,2291.jpg,Shadow
2292,2292.jpg,Shadow
2293,2293.jpg,Shadow
2294,2294.jpg,Shadow
2295,2295.jpg,Shadow
2296,2296.jpg,Shadow
2297,2297.jpg,Shadow
2298,2298.jpg,Shadow
2299,2299.jpg,Shadow
2300,2300.jpg,Shadow
2301,2301.jpg,Shadow
2302,2302.jpg,Shadow
2303,2303.jpg,Shadow
2304,2304.jpg,Shadow
2305,2305.jpg,Shadow
2306,2306.jpg,Shadow
2307,2307.jpg,Shadow
2308,2308.jpg,Shadow
2309,2309.jpg,Shadow
2310,2310.jpg,Shadow
2311,2311.jpg,Shadow
2312,2312.jpg,Shadow
2313,2313.jpg,Shadow
2314,2314.jpg,Shadow
2315,2315.jpg,Shadow
2316,2316.jpg,Shadow
2317,2317.jpg,Shadow
2318,2318.jpg,Shadow
2319,2319.jpg,Shadow
2320,2320.jpg,Shadow
2321,2321.jpg,Shadow
2322,2322.jpg,Shadow
2323,2323.jpg,Shadow
2324,2324.jpg,Shadow
2325,2325.jpg,Shadow
2326,2326.jpg,Shadow
2327,2327.jpg,Shadow
2328,2328.jpg,Shadow
2329,2329.jpg,Shadow
2330,2330.jpg,Shadow
2331,2331.jpg,Shadow
2332,2332.jpg,Shadow
2333,2333.jpg,Shadow
2334,2334.jpg,Shadow
2335,2335.jpg,Shadow
2336,2336.jpg,Shadow
2337,2337.jpg,Shadow
2338,2338.jpg,Shadow
2339,2339.jpg,Shadow
2340,2340.jpg,Shadow
2341,2341.jpg,Shadow
2342,2342.jpg,Shadow
2343,2343.jpg,Shadow
2344,2344.jpg,Shadow
2345,2345.jpg,Shadow
2346,2346.jpg,Shadow
2347,2347.jpg,Shadow
2348,2348.jpg,Shadow
2349,2349.jpg,Shadow
2350,2350.jpg,Shadow
2351,2351.jpg,Shadow
2352,2352.jpg,Shadow
2353,2353.jpg,Shadow
2354,2354.jpg,Shadow
2355,2355.jpg,Shadow
2356,2356.jpg,Shadow
2357,2357.jpg,Shadow
2358,2358.jpg,Shadow
2359,2359.jpg,Shadow
2360,2360.jpg,Shadow
2361,2361.jpg,Shadow
2362,2362.jpg,Shadow
2363,2363.jpg,Shadow
2364,2364.jpg,Shadow
2365,2365.jpg,Shadow
2366,2366.jpg,Shadow
2367,2367.jpg,Shadow
2368,2368.jpg,Shadow
2369,2369.jpg,Shadow
2370,2370.jpg,Shadow
2371,2371.jpg,Shadow
2372,2372.jpg,Shadow
2373,2373.jpg,Shadow
2374,2374.jpg,Shadow
2375,2375.jpg,Shadow
2376,2376.jpg,Shadow
2377,2377.jpg,Shadow
2378,2378.jpg,Shadow
2379,2379.jpg,Shadow
2380,2380.jpg,Shadow
2381,2381.jpg,Shadow
2382,2382.jpg,Shadow
2383,2383.jpg,Shadow
2384,2384.jpg,Shadow
2385,2385.jpg,Shadow
2386,2386.jpg,Shadow
2387,2387.jpg,Shadow
2388,2388.jpg,Shadow
2389,2389.jpg,Shadow
2390,2390.jpg,Shadow
2391,2391.jpg,Shadow
2392,2392.jpg,Shadow
2393,2393.jpg,Shadow
2394,2394.jpg,Shadow
2395,2395.jpg,Shadow
2396,2396.jpg,Shadow
2397,2397.jpg,Shadow
2398,2398.jpg,Shadow
2399,2399.jpg,Shadow
2400,2400.jpg,Shadow
2401,2401.jpg,Shadow
2402,2402.jpg,Shadow
2403,2403.jpg,Shadow
2404,2404.jpg,Shadow
2405,2405.jpg,Shadow
2406,2406.jpg,Shadow
2407,2407.jpg,Shadow
2408,2408.jpg,Shadow
2409,2409.jpg,Shadow
2410,2410.jpg,Shadow
2411,2411.jpg,Shadow
2412,2412.jpg,Shadow
2413,2413.jpg,Shadow
2414,2414.jpg,Shadow
2415,2415.jpg,Shadow
2416,2416.jpg,Shadow
2417,2417.jpg,Shadow
2418,2418.jpg,Shadow
2419,2419.jpg,Shadow
2420,2420.jpg,Shadow
2421,2421.jpg,Shadow
2422,2422.jpg,Shadow
2423,2423.jpg,Shadow
2424,2424.jpg,Shadow
2425,2425.jpg,Shadow
2426,2426.jpg,Shadow
2427,2427.jpg,Shadow
2428,2428.jpg,Shadow
2429,2429.jpg,Shadow
2430,2430.jpg,Shadow
2431,2431.jpg,Shadow
2432,2432.jpg,Shadow
2433,2433.jpg,Shadow
2434,2434.jpg,Shadow
2435,2435.jpg,Shadow
2436,2436.jpg,Shadow
2437,2437.jpg,Shadow
2438,2438.jpg,Shadow
2439,2439.jpg,Shadow
2440,2440.jpg,Shadow
2441,2441.jpg,Shadow
2442,2442.jpg,Shadow
2443,2443.jpg,Shadow
2444,2444.jpg,Shadow
2445,2445.jpg,Shadow
2446,2446.jpg,Shadow
2447,2447.jpg,Shadow
2448,2448.jpg,Shadow
2449,2449.jpg,Shadow
2450,2450.jpg,Shadow
2451,2451.jpg,Shadow
2452,2452.jpg,Shadow
2453,2453.jpg,Shadow
2454,2454.jpg,Shadow
2455,2455.jpg,Shadow
2456,2456.jpg,Shadow
2457,2457.jpg,Shadow
2458,2458.jpg,Shadow
2459,2459.jpg,Shadow
2460,2460.jpg,Shadow
2461,2461.jpg,Shadow
2462,2462.jpg,Shadow
2463,2463.jpg,Shadow
2464,2464.jpg,Shadow
2465,2465.jpg,Shadow
2466,2466.jpg,Shadow
2467,2467.jpg,Shadow
2468,2468.jpg,Shadow
2469,2469.jpg,Shadow
2470,2470.jpg,Shadow
2471,2471.jpg,Shadow
2472,2472.jpg,Shadow
2473,2473.jpg,Shadow
2474,2474.jpg,Shadow
2475,2475.jpg,Shadow
2476,2476.jpg,Shadow
2477,2477.jpg,Shadow
2478,2478.jpg,Shadow
2479,2479.jpg,Shadow
2480,2480.jpg,Shadow
2481,2481.jpg,Shadow
2482,2482.jpg,Shadow
2483,2483.jpg,Shadow
2484,2484.jpg,Shadow
2485,2485.jpg,Shadow
2486,2486.jpg,Shadow
2487,2487.jpg,Shadow
2488,2488.jpg,Shadow
2489,2489.jpg,Shadow
2490,2490.jpg,Shadow
2491,2491.jpg,Shadow
2492,2492.jpg,Shadow
2493,2493.jpg,Shadow
2494,2494.jpg,Shadow
2495,2495.jpg,Shadow
2496,2496.jpg,Shadow
2497,2497.jpg,Shadow
2498,2498.jpg,Shadow
2499,2499.jpg,Shadow
2500,2500.jpg,Shadow
2501,2501.jpg,Shadow
2502,2502.jpg,Shadow
2503,2503.jpg,Shadow
2504,2504.jpg,Shadow
2505,2505.jpg,Shadow
2506,2506.jpg,Shadow
2507,2507.jpg,Shadow
2508,2508.jpg,Shadow
2509,2509.jpg,Shadow
2510,2510.jpg,Shadow
2511,2511.jpg,Shadow
2512,2512.jpg,Shadow
2513,2513.jpg,Shadow
2514,2514.jpg,Shadow
2515,2515.jpg,Shadow
2516,2516.jpg,Shadow
2517,2517.jpg,Shadow
2518,2518.jpg,Shadow
2519,2519.jpg,Shadow
2520,2520.jpg,Shadow
2521,2521.jpg,Shadow
2522,2522.jpg,Shadow
2523,2523.jpg,Shadow
2524,2524.jpg,Shadow
2525,2525.jpg,Shadow
2526,2526.jpg,Shadow
2527,2527.jpg,Shadow
2528,2528.jpg,Shadow
2529,2529.jpg,Shadow
2530,2530.jpg,Shadow
2531,2531.jpg,Shadow
2532,2532.jpg,Shadow
2533,2533.jpg,Shadow
2534,2534.jpg,Shadow
2535,2535.jpg,Shadow
2536,2536.jpg,Shadow
2537,2537.jpg,Shadow
2538,2538.jpg,Shadow
2539,2539.jpg,Shadow
2540,2540.jpg,Shadow
2541,2541.jpg,Shadow
2542,2542.jpg,Shadow
2543,2543.jpg,Shadow
2544,2544.jpg,Shadow
2545,2545.jpg,Shadow
2546,2546.jpg,Shadow
2547,2547.jpg,Shadow
2548,2548.jpg,Shadow
2549,2549.jpg,Shadow
2550,2550.jpg,Shadow
2551,2551.jpg,Shadow
2552,2552.jpg,Shadow
2553,2553.jpg,Shadow
2554,2554.jpg,Shadow
2555,2555.jpg,Shadow
2556,2556.jpg,Shadow
2557,2557.jpg,Shadow
2558,2558.jpg,Shadow
2559,2559.jpg,Shadow
2560,2560.jpg,Shadow
2561,2561.jpg,Shadow
2562,2562.jpg,Shadow
2563,2563.jpg,Shadow
2564,2564.jpg,Shadow
2565,2565.jpg,Shadow
2566,2566.jpg,Shadow
2567,2567.jpg,Shadow
2568,2568.jpg,Shadow
2569,2569.jpg,Shadow
2570,2570.jpg,Shadow
2571,2571.jpg,Shadow
2572,2572.jpg,Shadow
2573,2573.jpg,Shadow
2574,2574.jpg,Shadow
2575,2575.jpg,Shadow
2576,2576.jpg,Shadow
2577,2577.jpg,Shadow
2578,2578.jpg,Shadow
2579,2579.jpg,Shadow
2580,2580.jpg,Shadow
2581,2581.jpg,Shadow
2582,2582.jpg,Shadow
2583,2583.jpg,Shadow
2584,2584.jpg,Shadow
2585,2585.jpg,Shadow
2586,2586.jpg,Shadow
2587,2587.jpg,Shadow
2588,2588.jpg,Shadow
2589,2589.jpg,Shadow
2590,2590.jpg,Shadow
2591,2591.jpg,Shadow
2592,2592.jpg,Shadow
2593,2593.jpg,Shadow
2594,2594.jpg,Shadow
2595,2595.jpg,Shadow
2596,2596.jpg,Shadow
2597,2597.jpg,Shadow
2598,2598.jpg,Shadow
2599,2599.jpg,Shadow
2600,2600.jpg,Shadow
2601,2601.jpg,Shadow
2602,2602.jpg,Shadow
2603,2603.jpg,Shadow
2604,2604.jpg,Shadow
2605,2605.jpg,Shadow
2606,2606.jpg,Shadow
2607,2607.jpg,Shadow
2608,2608.jpg,Shadow
2609,2609.jpg,Shadow
2610,2610.jpg,Shadow
2611,2611.jpg,Shadow
2612,2612.jpg,Shadow
2613,2613.jpg,Shadow
2614,2614.jpg,Shadow
2615,2615.jpg,Shadow
2616,2616.jpg,Shadow
2617,2617.jpg,Shadow
2618,2618.jpg,Shadow
2619,2619.jpg,Shadow
2620,2620.jpg,Shadow
2621,2621.jpg,Shadow
2622,2622.jpg,Shadow
2623,2623.jpg,Shadow
2624,2624.jpg,Shadow
2625,2625.jpg,Shadow
2626,2626.jpg,Shadow
2627,2627.jpg,Shadow
2628,2628.jpg,Shadow
2629,2629.jpg,Shadow
2630,2630.jpg,Shadow
2631,2631.jpg,Shadow
2632,2632.jpg,Shadow
2633,2633.jpg,Shadow
2634,2634.jpg,Shadow
2635,2635.jpg,Shadow
2636,2636.jpg,Shadow
2637,2637.jpg,Shadow
2638,2638.jpg,Shadow
2639,2639.jpg,Shadow
2640,2640.jpg,Shadow
2641,2641.jpg,Shadow
2642,2642.jpg,Shadow
2643,2643.jpg,Shadow
2644,2644.jpg,Shadow
2645,2645.jpg,Shadow
2646,2646.jpg,Shadow
2647,2647.jpg,Shadow
2648,2648.jpg,Shadow
2649,2649.jpg,Shadow
2650,2650.jpg,Shadow
2651,2651.jpg,Shadow
2652,2652.jpg,Shadow
2653,2653.jpg,Shadow
2654,2654.jpg,Shadow
2655,2655.jpg,Shadow
2656,2656.jpg,Shadow
2657,2657.jpg,Shadow
2658,2658.jpg,Shadow
2659,2659.jpg,Shadow
2660,2660.jpg,Shadow
2661,2661.jpg,Shadow
2662,2662.jpg,Shadow
2663,2663.jpg,Shadow
2664,2664.jpg,Shadow
2665,2665.jpg,Shadow
2666,2666.jpg,Shadow
2667,2667.jpg,Shadow
2668,2668.jpg,Shadow
2669,2669.jpg,Shadow
2670,2670.jpg,Shadow
2671,2671.jpg,Shadow
2672,2672.jpg,Shadow
2673,2673.jpg,Shadow
2674,2674.jpg,Shadow
2675,2675.jpg,Shadow
2676,2676.jpg,Shadow
2677,2677.jpg,Shadow
2678,2678.jpg,Shadow
2679,2679.jpg,Shadow
2680,2680.jpg,Shadow
2681,2681.jpg,Shadow
2682,2682.jpg,Shadow
2683,2683.jpg,Shadow
2684,2684.jpg,Shadow
2685,2685.jpg,Shadow
2686,2686.jpg,Shadow
2687,2687.jpg,Shadow
2688,2688.jpg,Shadow
2689,2689.jpg,Shadow
2690,2690.jpg,Shadow
2691,2691.jpg,Shadow
2692,2692.jpg,Shadow
2693,2693.jpg,Shadow
2694,2694.jpg,Shadow
2695,2695.jpg,Shadow
2696,2696.jpg,Shadow
2697,2697.jpg,Shadow
2698,2698.jpg,Shadow
2699,2699.jpg,Shadow
2700,2700.jpg,Shadow
2701,2701.jpg,Shadow
2702,2702.jpg,Shadow
2703,2703.jpg,Shadow
2704,2704.jpg,Shadow
2705,2705.jpg,Shadow
2706,2706.jpg,Shadow
2707,2707.jpg,Shadow
2708,2708.jpg,Shadow
2709,2709.jpg,Shadow
2710,2710.jpg,Shadow
2711,2711.jpg,Shadow
2712,2712.jpg,Shadow
2713,2713.jpg,Shadow
2714,2714.jpg,Shadow
2715,2715.jpg,Shadow
2716,2716.jpg,Shadow
2717,2717.jpg,Shadow
2718,2718.jpg,Shadow
2719,2719.jpg,Shadow
2720,2720.jpg,Shadow
